NC,NN,MC,MN,V,D1C,D1N,D2C,D2N,D3C,D3N
1,Brasil,,,...,1,Brasil,197912,dezembro 1979,2265,IPCA - Variação acumulada em 12 meses
1,Brasil,,,...,1,Brasil,198001,janeiro 1980,2265,IPCA - Variação acumulada em 12 meses
1,Brasil,,,...,1,Brasil,198002,fevereiro 1980,2265,IPCA - Variação acumulada em 12 meses
1,Brasil,,,...,1,Brasil,198003,março 1980,2265,IPCA - Variação acumulada em 12 meses
1,Brasil,,,...,1,Brasil,198004,abril 1980,2265,IPCA - Variação acumulada em 12 meses
1,Brasil,,,...,1,Brasil,198005,maio 1980,2265,IPCA - Variação acumulada em 12 meses
1,Brasil,,,...,1,Brasil,198006,junho 1980,2265,IPCA - Variação acumulada em 12 meses
1,Brasil,,,...,1,Brasil,198007,julho 1980,2265,IPCA - Variação acumulada em 12 meses
1,Brasil,,,...,1,Brasil,198008,agosto 1980,2265,IPCA - Variação acumulada em 12 meses
1,Brasil,,,...,1,Brasil,198009,setembro 1980,2265,IPCA - Variação acumulada em 12 meses
1,Brasil,,,...,1,Brasil,198010,outubro 1980,2265,IPCA - Variação acumulada em 12 meses
1,Brasil,,,...,1,Brasil,198011,novembro 1980,2265,IPCA - Variação acumulada em 12 meses
1,Brasil,2,%,99.25,1,Brasil,198012,dezembro 1980,2265,IPCA - Variação acumulada em 12 meses
1,Brasil,2,%,99.67,1,Brasil,198101,janeiro 1981,2265,IPCA - Variação acumulada em 12 meses
1,Brasil,2,%,103.07,1,Brasil,198102,fevereiro 1981,2265,IPCA - Variação acumulada em 12 meses
1,Brasil,2,%,101.03,1,Brasil,198103,março 1981,2265,IPCA - Variação acumulada em 12 meses
1,Brasil,2,%,103.27,1,Brasil,198104,abril 1981,2265,IPCA - Variação acumulada em 12 meses
1,Brasil,2,%,103.00,1,Brasil,198105,maio 1981,2265,IPCA - Variação acumulada em 12 meses
1,Brasil,2,%,103.41,1,Brasil,198106,junho 1981,2265,IPCA - Variação acumulada em 12 meses
1,Brasil,2,%,104.78,1,Brasil,198107,julho 1981,2265,IPCA - Variação acumulada em 12 meses
1,Brasil,2,%,105.85,1,Brasil,198108,agosto 1981,2265,IPCA - Variação acumulada em 12 meses
1,Brasil,2,%,107.88,1,Brasil,198109,setembro 1981,2265,IPCA - Variação acumulada em 12 meses
1,Brasil,2,%,99.52,1,Brasil,198110,outubro 1981,2265,IPCA - Variação acumulada em 12 meses
1,Brasil,2,%,96.89,1,Brasil,198111,novembro 1981,2265,IPCA - Variação acumulada em 12 meses
1,Brasil,2,%,95.62,1,Brasil,198112,dezembro 1981,2265,IPCA - Variação acumulada em 12 meses
1,Brasil,2,%,95.86,1,Brasil,198201,janeiro 1982,2265,IPCA - Variação acumulada em 12 meses
1,Brasil,2,%,96.29,1,Brasil,198202,fevereiro 1982,2265,IPCA - Variação acumulada em 12 meses
1,Brasil,2,%,97.68,1,Brasil,198203,março 1982,2265,IPCA - Variação acumulada em 12 meses
1,Brasil,2,%,96.61,1,Brasil,198204,abril 1982,2265,IPCA - Variação acumulada em 12 meses
1,Brasil,2,%,98.65,1,Brasil,198205,maio 1982,2265,IPCA - Variação acumulada em 12 meses
1,Brasil,2,%,101.64,1,Brasil,198206,junho 1982,2265,IPCA - Variação acumulada em 12 meses
1,Brasil,2,%,101.84,1,Brasil,198207,julho 1982,2265,IPCA - Variação acumulada em 12 meses
1,Brasil,2,%,102.75,1,Brasil,198208,agosto 1982,2265,IPCA - Variação acumulada em 12 meses
1,Brasil,2,%,102.41,1,Brasil,198209,setembro 1982,2265,IPCA - Variação acumulada em 12 meses
1,Brasil,2,%,101.19,1,Brasil,198210,outubro 1982,2265,IPCA - Variação acumulada em 12 meses
1,Brasil,2,%,101.22,1,Brasil,198211,novembro 1982,2265,IPCA - Variação acumulada em 12 meses
1,Brasil,2,%,104.79,1,Brasil,198212,dezembro 1982,2265,IPCA - Variação acumulada em 12 meses
1,Brasil,2,%,108.00,1,Brasil,198301,janeiro 1983,2265,IPCA - Variação acumulada em 12 meses
1,Brasil,2,%,110.38,1,Brasil,198302,fevereiro 1983,2265,IPCA - Variação acumulada em 12 meses
1,Brasil,2,%,113.63,1,Brasil,198303,março 1983,2265,IPCA - Variação acumulada em 12 meses
1,Brasil,2,%,115.03,1,Brasil,198304,abril 1983,2265,IPCA - Variação acumulada em 12 meses
1,Brasil,2,%,114.67,1,Brasil,198305,maio 1983,2265,IPCA - Variação acumulada em 12 meses
1,Brasil,2,%,120.24,1,Brasil,198306,junho 1983,2265,IPCA - Variação acumulada em 12 meses
1,Brasil,2,%,127.94,1,Brasil,198307,julho 1983,2265,IPCA - Variação acumulada em 12 meses
1,Brasil,2,%,134.69,1,Brasil,198308,agosto 1983,2265,IPCA - Variação acumulada em 12 meses
1,Brasil,2,%,146.35,1,Brasil,198309,setembro 1983,2265,IPCA - Variação acumulada em 12 meses
1,Brasil,2,%,156.78,1,Brasil,198310,outubro 1983,2265,IPCA - Variação acumulada em 12 meses
1,Brasil,2,%,161.90,1,Brasil,198311,novembro 1983,2265,IPCA - Variação acumulada em 12 meses
1,Brasil,2,%,164.01,1,Brasil,198312,dezembro 1983,2265,IPCA - Variação acumulada em 12 meses
1,Brasil,2,%,166.51,1,Brasil,198401,janeiro 1984,2265,IPCA - Variação acumulada em 12 meses
1,Brasil,2,%,170.57,1,Brasil,198402,fevereiro 1984,2265,IPCA - Variação acumulada em 12 meses
1,Brasil,2,%,174.59,1,Brasil,198403,março 1984,2265,IPCA - Variação acumulada em 12 meses
1,Brasil,2,%,182.22,1,Brasil,198404,abril 1984,2265,IPCA - Variação acumulada em 12 meses
1,Brasil,2,%,189.03,1,Brasil,198405,maio 1984,2265,IPCA - Variação acumulada em 12 meses
1,Brasil,2,%,189.55,1,Brasil,198406,junho 1984,2265,IPCA - Variação acumulada em 12 meses
1,Brasil,2,%,188.62,1,Brasil,198407,julho 1984,2265,IPCA - Variação acumulada em 12 meses
1,Brasil,2,%,189.25,1,Brasil,198408,agosto 1984,2265,IPCA - Variação acumulada em 12 meses
1,Brasil,2,%,193.05,1,Brasil,198409,setembro 1984,2265,IPCA - Variação acumulada em 12 meses
1,Brasil,2,%,197.27,1,Brasil,198410,outubro 1984,2265,IPCA - Variação acumulada em 12 meses
1,Brasil,2,%,205.97,1,Brasil,198411,novembro 1984,2265,IPCA - Variação acumulada em 12 meses
1,Brasil,2,%,215.26,1,Brasil,198412,dezembro 1984,2265,IPCA - Variação acumulada em 12 meses
1,Brasil,2,%,221.27,1,Brasil,198501,janeiro 1985,2265,IPCA - Variação acumulada em 12 meses
1,Brasil,2,%,225.28,1,Brasil,198502,fevereiro 1985,2265,IPCA - Variação acumulada em 12 meses
1,Brasil,2,%,228.93,1,Brasil,198503,março 1985,2265,IPCA - Variação acumulada em 12 meses
1,Brasil,2,%,224.88,1,Brasil,198504,abril 1985,2265,IPCA - Variação acumulada em 12 meses
1,Brasil,2,%,219.36,1,Brasil,198505,maio 1985,2265,IPCA - Variação acumulada em 12 meses
1,Brasil,2,%,214.76,1,Brasil,198506,junho 1985,2265,IPCA - Variação acumulada em 12 meses
1,Brasil,2,%,216.44,1,Brasil,198507,julho 1985,2265,IPCA - Variação acumulada em 12 meses
1,Brasil,2,%,224.26,1,Brasil,198508,agosto 1985,2265,IPCA - Variação acumulada em 12 meses
1,Brasil,2,%,222.43,1,Brasil,198509,setembro 1985,2265,IPCA - Variação acumulada em 12 meses
1,Brasil,2,%,222.95,1,Brasil,198510,outubro 1985,2265,IPCA - Variação acumulada em 12 meses
1,Brasil,2,%,233.02,1,Brasil,198511,novembro 1985,2265,IPCA - Variação acumulada em 12 meses
1,Brasil,2,%,242.23,1,Brasil,198512,dezembro 1985,2265,IPCA - Variação acumulada em 12 meses
1,Brasil,2,%,250.23,1,Brasil,198601,janeiro 1986,2265,IPCA - Variação acumulada em 12 meses
1,Brasil,2,%,256.08,1,Brasil,198602,fevereiro 1986,2265,IPCA - Variação acumulada em 12 meses
1,Brasil,2,%,238.65,1,Brasil,198603,março 1986,2265,IPCA - Variação acumulada em 12 meses
1,Brasil,2,%,215.44,1,Brasil,198604,abril 1986,2265,IPCA - Variação acumulada em 12 meses
1,Brasil,2,%,198.38,1,Brasil,198605,maio 1986,2265,IPCA - Variação acumulada em 12 meses
1,Brasil,2,%,178.52,1,Brasil,198606,junho 1986,2265,IPCA - Variação acumulada em 12 meses
1,Brasil,2,%,156.80,1,Brasil,198607,julho 1986,2265,IPCA - Variação acumulada em 12 meses
1,Brasil,2,%,137.33,1,Brasil,198608,agosto 1986,2265,IPCA - Variação acumulada em 12 meses
1,Brasil,2,%,117.25,1,Brasil,198609,setembro 1986,2265,IPCA - Variação acumulada em 12 meses
1,Brasil,2,%,100.13,1,Brasil,198610,outubro 1986,2265,IPCA - Variação acumulada em 12 meses
1,Brasil,2,%,85.17,1,Brasil,198611,novembro 1986,2265,IPCA - Variação acumulada em 12 meses
1,Brasil,2,%,79.66,1,Brasil,198612,dezembro 1986,2265,IPCA - Variação acumulada em 12 meses
1,Brasil,2,%,77.84,1,Brasil,198701,janeiro 1987,2265,IPCA - Variação acumulada em 12 meses
1,Brasil,2,%,77.71,1,Brasil,198702,fevereiro 1987,2265,IPCA - Variação acumulada em 12 meses
1,Brasil,2,%,97.39,1,Brasil,198703,março 1987,2265,IPCA - Variação acumulada em 12 meses
1,Brasil,2,%,133.27,1,Brasil,198704,abril 1987,2265,IPCA - Variação acumulada em 12 meses
1,Brasil,2,%,179.40,1,Brasil,198705,maio 1987,2265,IPCA - Variação acumulada em 12 meses
1,Brasil,2,%,230.27,1,Brasil,198706,junho 1987,2265,IPCA - Variação acumulada em 12 meses
1,Brasil,2,%,254.63,1,Brasil,198707,julho 1987,2265,IPCA - Variação acumulada em 12 meses
1,Brasil,2,%,259.14,1,Brasil,198708,agosto 1987,2265,IPCA - Variação acumulada em 12 meses
1,Brasil,2,%,280.55,1,Brasil,198709,setembro 1987,2265,IPCA - Variação acumulada em 12 meses
1,Brasil,2,%,315.35,1,Brasil,198710,outubro 1987,2265,IPCA - Variação acumulada em 12 meses
1,Brasil,2,%,353.27,1,Brasil,198711,novembro 1987,2265,IPCA - Variação acumulada em 12 meses
1,Brasil,2,%,363.41,1,Brasil,198712,dezembro 1987,2265,IPCA - Variação acumulada em 12 meses
1,Brasil,2,%,386.67,1,Brasil,198801,janeiro 1988,2265,IPCA - Variação acumulada em 12 meses
1,Brasil,2,%,399.90,1,Brasil,198802,fevereiro 1988,2265,IPCA - Variação acumulada em 12 meses
1,Brasil,2,%,405.18,1,Brasil,198803,março 1988,2265,IPCA - Variação acumulada em 12 meses
1,Brasil,2,%,405.99,1,Brasil,198804,abril 1988,2265,IPCA - Variação acumulada em 12 meses
1,Brasil,2,%,389.19,1,Brasil,198805,maio 1988,2265,IPCA - Variação acumulada em 12 meses
1,Brasil,2,%,398.54,1,Brasil,198806,junho 1988,2265,IPCA - Variação acumulada em 12 meses
1,Brasil,2,%,456.52,1,Brasil,198807,julho 1988,2265,IPCA - Variação acumulada em 12 meses
1,Brasil,2,%,545.24,1,Brasil,198808,agosto 1988,2265,IPCA - Variação acumulada em 12 meses
1,Brasil,2,%,662.99,1,Brasil,198809,setembro 1988,2265,IPCA - Variação acumulada em 12 meses
1,Brasil,2,%,761.78,1,Brasil,198810,outubro 1988,2265,IPCA - Variação acumulada em 12 meses
1,Brasil,2,%,858.09,1,Brasil,198811,novembro 1988,2265,IPCA - Variação acumulada em 12 meses
1,Brasil,2,%,980.21,1,Brasil,198812,dezembro 1988,2265,IPCA - Variação acumulada em 12 meses
1,Brasil,2,%,1149.22,1,Brasil,198901,janeiro 1989,2265,IPCA - Variação acumulada em 12 meses
1,Brasil,2,%,1160.88,1,Brasil,198902,fevereiro 1989,2265,IPCA - Variação acumulada em 12 meses
1,Brasil,2,%,1045.29,1,Brasil,198903,março 1989,2265,IPCA - Variação acumulada em 12 meses
1,Brasil,2,%,940.07,1,Brasil,198904,abril 1989,2265,IPCA - Variação acumulada em 12 meses
1,Brasil,2,%,944.50,1,Brasil,198905,maio 1989,2265,IPCA - Variação acumulada em 12 meses
1,Brasil,2,%,1001.44,1,Brasil,198906,junho 1989,2265,IPCA - Variação acumulada em 12 meses
1,Brasil,2,%,1054.11,1,Brasil,198907,julho 1989,2265,IPCA - Variação acumulada em 12 meses
1,Brasil,2,%,1169.15,1,Brasil,198908,agosto 1989,2265,IPCA - Variação acumulada em 12 meses
1,Brasil,2,%,1269.82,1,Brasil,198909,setembro 1989,2265,IPCA - Variação acumulada em 12 meses
1,Brasil,2,%,1424.12,1,Brasil,198910,outubro 1989,2265,IPCA - Variação acumulada em 12 meses
1,Brasil,2,%,1660.95,1,Brasil,198911,novembro 1989,2265,IPCA - Variação acumulada em 12 meses
1,Brasil,2,%,1972.91,1,Brasil,198912,dezembro 1989,2265,IPCA - Variação acumulada em 12 meses
1,Brasil,2,%,2426.12,1,Brasil,199001,janeiro 1990,2265,IPCA - Variação acumulada em 12 meses
1,Brasil,2,%,3701.29,1,Brasil,199002,fevereiro 1990,2265,IPCA - Variação acumulada em 12 meses
1,Brasil,2,%,6390.53,1,Brasil,199003,março 1990,2265,IPCA - Variação acumulada em 12 meses
1,Brasil,2,%,6821.31,1,Brasil,199004,abril 1990,2265,IPCA - Variação acumulada em 12 meses
1,Brasil,2,%,6214.99,1,Brasil,199005,maio 1990,2265,IPCA - Variação acumulada em 12 meses
1,Brasil,2,%,5385.43,1,Brasil,199006,junho 1990,2265,IPCA - Variação acumulada em 12 meses
1,Brasil,2,%,4749.03,1,Brasil,199007,julho 1990,2265,IPCA - Variação acumulada em 12 meses
1,Brasil,2,%,3993.62,1,Brasil,199008,agosto 1990,2265,IPCA - Variação acumulada em 12 meses
1,Brasil,2,%,3304.71,1,Brasil,199009,setembro 1990,2265,IPCA - Variação acumulada em 12 meses
1,Brasil,2,%,2685.74,1,Brasil,199010,outubro 1990,2265,IPCA - Variação acumulada em 12 meses
1,Brasil,2,%,2101.34,1,Brasil,199011,novembro 1990,2265,IPCA - Variação acumulada em 12 meses
1,Brasil,2,%,1620.97,1,Brasil,199012,dezembro 1990,2265,IPCA - Variação acumulada em 12 meses
1,Brasil,2,%,1140.27,1,Brasil,199101,janeiro 1991,2265,IPCA - Variação acumulada em 12 meses
1,Brasil,2,%,752.02,1,Brasil,199102,fevereiro 1991,2265,IPCA - Variação acumulada em 12 meses
1,Brasil,2,%,422.84,1,Brasil,199103,março 1991,2265,IPCA - Variação acumulada em 12 meses
1,Brasil,2,%,375.18,1,Brasil,199104,abril 1991,2265,IPCA - Variação acumulada em 12 meses
1,Brasil,2,%,374.48,1,Brasil,199105,maio 1991,2265,IPCA - Variação acumulada em 12 meses
1,Brasil,2,%,372.10,1,Brasil,199106,junho 1991,2265,IPCA - Variação acumulada em 12 meses
1,Brasil,2,%,369.96,1,Brasil,199107,julho 1991,2265,IPCA - Variação acumulada em 12 meses
1,Brasil,2,%,381.41,1,Brasil,199108,agosto 1991,2265,IPCA - Variação acumulada em 12 meses
1,Brasil,2,%,386.55,1,Brasil,199109,setembro 1991,2265,IPCA - Variação acumulada em 12 meses
1,Brasil,2,%,411.52,1,Brasil,199110,outubro 1991,2265,IPCA - Variação acumulada em 12 meses
1,Brasil,2,%,448.31,1,Brasil,199111,novembro 1991,2265,IPCA - Variação acumulada em 12 meses
1,Brasil,2,%,472.70,1,Brasil,199112,dezembro 1991,2265,IPCA - Variação acumulada em 12 meses
1,Brasil,2,%,497.32,1,Brasil,199201,janeiro 1992,2265,IPCA - Variação acumulada em 12 meses
1,Brasil,2,%,515.13,1,Brasil,199202,fevereiro 1992,2265,IPCA - Variação acumulada em 12 meses
1,Brasil,2,%,567.21,1,Brasil,199203,março 1992,2265,IPCA - Variação acumulada em 12 meses
1,Brasil,2,%,662.16,1,Brasil,199204,abril 1992,2265,IPCA - Variação acumulada em 12 meses
1,Brasil,2,%,785.81,1,Brasil,199205,maio 1992,2265,IPCA - Variação acumulada em 12 meses
1,Brasil,2,%,857.68,1,Brasil,199206,junho 1992,2265,IPCA - Variação acumulada em 12 meses
1,Brasil,2,%,937.94,1,Brasil,199207,julho 1992,2265,IPCA - Variação acumulada em 12 meses
1,Brasil,2,%,996.37,1,Brasil,199208,agosto 1992,2265,IPCA - Variação acumulada em 12 meses
1,Brasil,2,%,1081.70,1,Brasil,199209,setembro 1992,2265,IPCA - Variação acumulada em 12 meses
1,Brasil,2,%,1130.94,1,Brasil,199210,outubro 1992,2265,IPCA - Variação acumulada em 12 meses
1,Brasil,2,%,1104.20,1,Brasil,199211,novembro 1992,2265,IPCA - Variação acumulada em 12 meses
1,Brasil,2,%,1119.10,1,Brasil,199212,dezembro 1992,2265,IPCA - Variação acumulada em 12 meses
1,Brasil,2,%,1161.79,1,Brasil,199301,janeiro 1993,2265,IPCA - Variação acumulada em 12 meses
1,Brasil,2,%,1168.49,1,Brasil,199302,fevereiro 1993,2265,IPCA - Variação acumulada em 12 meses
1,Brasil,2,%,1229.71,1,Brasil,199303,março 1993,2265,IPCA - Variação acumulada em 12 meses
1,Brasil,2,%,1316.42,1,Brasil,199304,abril 1993,2265,IPCA - Variação acumulada em 12 meses
1,Brasil,2,%,1348.52,1,Brasil,199305,maio 1993,2265,IPCA - Variação acumulada em 12 meses
1,Brasil,2,%,1467.33,1,Brasil,199306,junho 1993,2265,IPCA - Variação acumulada em 12 meses
1,Brasil,2,%,1581.70,1,Brasil,199307,julho 1993,2265,IPCA - Variação acumulada em 12 meses
1,Brasil,2,%,1730.67,1,Brasil,199308,agosto 1993,2265,IPCA - Variação acumulada em 12 meses
1,Brasil,2,%,1893.13,1,Brasil,199309,setembro 1993,2265,IPCA - Variação acumulada em 12 meses
1,Brasil,2,%,2031.27,1,Brasil,199310,outubro 1993,2265,IPCA - Variação acumulada em 12 meses
1,Brasil,2,%,2258.68,1,Brasil,199311,novembro 1993,2265,IPCA - Variação acumulada em 12 meses
1,Brasil,2,%,2477.15,1,Brasil,199312,dezembro 1993,2265,IPCA - Variação acumulada em 12 meses
1,Brasil,2,%,2693.84,1,Brasil,199401,janeiro 1994,2265,IPCA - Variação acumulada em 12 meses
1,Brasil,2,%,3035.71,1,Brasil,199402,fevereiro 1994,2265,IPCA - Variação acumulada em 12 meses
1,Brasil,2,%,3417.39,1,Brasil,199403,março 1994,2265,IPCA - Variação acumulada em 12 meses
1,Brasil,2,%,3828.49,1,Brasil,199404,abril 1994,2265,IPCA - Variação acumulada em 12 meses
1,Brasil,2,%,4331.19,1,Brasil,199405,maio 1994,2265,IPCA - Variação acumulada em 12 meses
1,Brasil,2,%,4922.60,1,Brasil,199406,junho 1994,2265,IPCA - Variação acumulada em 12 meses
1,Brasil,2,%,4005.08,1,Brasil,199407,julho 1994,2265,IPCA - Variação acumulada em 12 meses
1,Brasil,2,%,3044.89,1,Brasil,199408,agosto 1994,2265,IPCA - Variação acumulada em 12 meses
1,Brasil,2,%,2253.15,1,Brasil,199409,setembro 1994,2265,IPCA - Variação acumulada em 12 meses
1,Brasil,2,%,1703.17,1,Brasil,199410,outubro 1994,2265,IPCA - Variação acumulada em 12 meses
1,Brasil,2,%,1267.54,1,Brasil,199411,novembro 1994,2265,IPCA - Variação acumulada em 12 meses
1,Brasil,2,%,916.46,1,Brasil,199412,dezembro 1994,2265,IPCA - Variação acumulada em 12 meses
1,Brasil,2,%,631.54,1,Brasil,199501,janeiro 1995,2265,IPCA - Variação acumulada em 12 meses
1,Brasil,2,%,426.83,1,Brasil,199502,fevereiro 1995,2265,IPCA - Variação acumulada em 12 meses
1,Brasil,2,%,274.78,1,Brasil,199503,março 1995,2265,IPCA - Variação acumulada em 12 meses
1,Brasil,2,%,169.05,1,Brasil,199504,abril 1995,2265,IPCA - Variação acumulada em 12 meses
1,Brasil,2,%,91.79,1,Brasil,199505,maio 1995,2265,IPCA - Variação acumulada em 12 meses
1,Brasil,2,%,33.03,1,Brasil,199506,junho 1995,2265,IPCA - Variação acumulada em 12 meses
1,Brasil,2,%,27.45,1,Brasil,199507,julho 1995,2265,IPCA - Variação acumulada em 12 meses
1,Brasil,2,%,26.36,1,Brasil,199508,agosto 1995,2265,IPCA - Variação acumulada em 12 meses
1,Brasil,2,%,25.69,1,Brasil,199509,setembro 1995,2265,IPCA - Variação acumulada em 12 meses
1,Brasil,2,%,24.21,1,Brasil,199510,outubro 1995,2265,IPCA - Variação acumulada em 12 meses
1,Brasil,2,%,22.59,1,Brasil,199511,novembro 1995,2265,IPCA - Variação acumulada em 12 meses
1,Brasil,2,%,22.41,1,Brasil,199512,dezembro 1995,2265,IPCA - Variação acumulada em 12 meses
1,Brasil,2,%,21.97,1,Brasil,199601,janeiro 1996,2265,IPCA - Variação acumulada em 12 meses
1,Brasil,2,%,21.99,1,Brasil,199602,fevereiro 1996,2265,IPCA - Variação acumulada em 12 meses
1,Brasil,2,%,20.55,1,Brasil,199603,março 1996,2265,IPCA - Variação acumulada em 12 meses
1,Brasil,2,%,19.17,1,Brasil,199604,abril 1996,2265,IPCA - Variação acumulada em 12 meses
1,Brasil,2,%,17.49,1,Brasil,199605,maio 1996,2265,IPCA - Variação acumulada em 12 meses
1,Brasil,2,%,16.26,1,Brasil,199606,junho 1996,2265,IPCA - Variação acumulada em 12 meses
1,Brasil,2,%,14.84,1,Brasil,199607,julho 1996,2265,IPCA - Variação acumulada em 12 meses
1,Brasil,2,%,14.21,1,Brasil,199608,agosto 1996,2265,IPCA - Variação acumulada em 12 meses
1,Brasil,2,%,13.26,1,Brasil,199609,setembro 1996,2265,IPCA - Variação acumulada em 12 meses
1,Brasil,2,%,12.02,1,Brasil,199610,outubro 1996,2265,IPCA - Variação acumulada em 12 meses
1,Brasil,2,%,10.75,1,Brasil,199611,novembro 1996,2265,IPCA - Variação acumulada em 12 meses
1,Brasil,2,%,9.56,1,Brasil,199612,dezembro 1996,2265,IPCA - Variação acumulada em 12 meses
1,Brasil,2,%,9.39,1,Brasil,199701,janeiro 1997,2265,IPCA - Variação acumulada em 12 meses
1,Brasil,2,%,8.82,1,Brasil,199702,fevereiro 1997,2265,IPCA - Variação acumulada em 12 meses
1,Brasil,2,%,8.99,1,Brasil,199703,março 1997,2265,IPCA - Variação acumulada em 12 meses
1,Brasil,2,%,8.58,1,Brasil,199704,abril 1997,2265,IPCA - Variação acumulada em 12 meses
1,Brasil,2,%,7.71,1,Brasil,199705,maio 1997,2265,IPCA - Variação acumulada em 12 meses
1,Brasil,2,%,7.02,1,Brasil,199706,junho 1997,2265,IPCA - Variação acumulada em 12 meses
1,Brasil,2,%,6.08,1,Brasil,199707,julho 1997,2265,IPCA - Variação acumulada em 12 meses
1,Brasil,2,%,5.59,1,Brasil,199708,agosto 1997,2265,IPCA - Variação acumulada em 12 meses
1,Brasil,2,%,5.50,1,Brasil,199709,setembro 1997,2265,IPCA - Variação acumulada em 12 meses
1,Brasil,2,%,5.42,1,Brasil,199710,outubro 1997,2265,IPCA - Variação acumulada em 12 meses
1,Brasil,2,%,5.27,1,Brasil,199711,novembro 1997,2265,IPCA - Variação acumulada em 12 meses
1,Brasil,2,%,5.22,1,Brasil,199712,dezembro 1997,2265,IPCA - Variação acumulada em 12 meses
1,Brasil,2,%,4.73,1,Brasil,199801,janeiro 1998,2265,IPCA - Variação acumulada em 12 meses
1,Brasil,2,%,4.69,1,Brasil,199802,fevereiro 1998,2265,IPCA - Variação acumulada em 12 meses
1,Brasil,2,%,4.52,1,Brasil,199803,março 1998,2265,IPCA - Variação acumulada em 12 meses
1,Brasil,2,%,3.85,1,Brasil,199804,abril 1998,2265,IPCA - Variação acumulada em 12 meses
1,Brasil,2,%,3.95,1,Brasil,199805,maio 1998,2265,IPCA - Variação acumulada em 12 meses
1,Brasil,2,%,3.41,1,Brasil,199806,junho 1998,2265,IPCA - Variação acumulada em 12 meses
1,Brasil,2,%,3.06,1,Brasil,199807,julho 1998,2265,IPCA - Variação acumulada em 12 meses
1,Brasil,2,%,2.55,1,Brasil,199808,agosto 1998,2265,IPCA - Variação acumulada em 12 meses
1,Brasil,2,%,2.27,1,Brasil,199809,setembro 1998,2265,IPCA - Variação acumulada em 12 meses
1,Brasil,2,%,2.05,1,Brasil,199810,outubro 1998,2265,IPCA - Variação acumulada em 12 meses
1,Brasil,2,%,1.76,1,Brasil,199811,novembro 1998,2265,IPCA - Variação acumulada em 12 meses
1,Brasil,2,%,1.65,1,Brasil,199812,dezembro 1998,2265,IPCA - Variação acumulada em 12 meses
1,Brasil,2,%,1.65,1,Brasil,199901,janeiro 1999,2265,IPCA - Variação acumulada em 12 meses
1,Brasil,2,%,2.24,1,Brasil,199902,fevereiro 1999,2265,IPCA - Variação acumulada em 12 meses
1,Brasil,2,%,3.02,1,Brasil,199903,março 1999,2265,IPCA - Variação acumulada em 12 meses
1,Brasil,2,%,3.35,1,Brasil,199904,abril 1999,2265,IPCA - Variação acumulada em 12 meses
1,Brasil,2,%,3.14,1,Brasil,199905,maio 1999,2265,IPCA - Variação acumulada em 12 meses
1,Brasil,2,%,3.32,1,Brasil,199906,junho 1999,2265,IPCA - Variação acumulada em 12 meses
1,Brasil,2,%,4.57,1,Brasil,199907,julho 1999,2265,IPCA - Variação acumulada em 12 meses
1,Brasil,2,%,5.69,1,Brasil,199908,agosto 1999,2265,IPCA - Variação acumulada em 12 meses
1,Brasil,2,%,6.25,1,Brasil,199909,setembro 1999,2265,IPCA - Variação acumulada em 12 meses
1,Brasil,2,%,7.50,1,Brasil,199910,outubro 1999,2265,IPCA - Variação acumulada em 12 meses
1,Brasil,2,%,8.65,1,Brasil,199911,novembro 1999,2265,IPCA - Variação acumulada em 12 meses
1,Brasil,2,%,8.94,1,Brasil,199912,dezembro 1999,2265,IPCA - Variação acumulada em 12 meses
1,Brasil,2,%,8.85,1,Brasil,200001,janeiro 2000,2265,IPCA - Variação acumulada em 12 meses
1,Brasil,2,%,7.86,1,Brasil,200002,fevereiro 2000,2265,IPCA - Variação acumulada em 12 meses
1,Brasil,2,%,6.92,1,Brasil,200003,março 2000,2265,IPCA - Variação acumulada em 12 meses
1,Brasil,2,%,6.77,1,Brasil,200004,abril 2000,2265,IPCA - Variação acumulada em 12 meses
1,Brasil,2,%,6.47,1,Brasil,200005,maio 2000,2265,IPCA - Variação acumulada em 12 meses
1,Brasil,2,%,6.51,1,Brasil,200006,junho 2000,2265,IPCA - Variação acumulada em 12 meses
1,Brasil,2,%,7.06,1,Brasil,200007,julho 2000,2265,IPCA - Variação acumulada em 12 meses
1,Brasil,2,%,7.86,1,Brasil,200008,agosto 2000,2265,IPCA - Variação acumulada em 12 meses
1,Brasil,2,%,7.77,1,Brasil,200009,setembro 2000,2265,IPCA - Variação acumulada em 12 meses
1,Brasil,2,%,6.65,1,Brasil,200010,outubro 2000,2265,IPCA - Variação acumulada em 12 meses
1,Brasil,2,%,5.99,1,Brasil,200011,novembro 2000,2265,IPCA - Variação acumulada em 12 meses
1,Brasil,2,%,5.97,1,Brasil,200012,dezembro 2000,2265,IPCA - Variação acumulada em 12 meses
1,Brasil,2,%,5.92,1,Brasil,200101,janeiro 2001,2265,IPCA - Variação acumulada em 12 meses
1,Brasil,2,%,6.27,1,Brasil,200102,fevereiro 2001,2265,IPCA - Variação acumulada em 12 meses
1,Brasil,2,%,6.44,1,Brasil,200103,março 2001,2265,IPCA - Variação acumulada em 12 meses
1,Brasil,2,%,6.61,1,Brasil,200104,abril 2001,2265,IPCA - Variação acumulada em 12 meses
1,Brasil,2,%,7.04,1,Brasil,200105,maio 2001,2265,IPCA - Variação acumulada em 12 meses
1,Brasil,2,%,7.35,1,Brasil,200106,junho 2001,2265,IPCA - Variação acumulada em 12 meses
1,Brasil,2,%,7.05,1,Brasil,200107,julho 2001,2265,IPCA - Variação acumulada em 12 meses
1,Brasil,2,%,6.41,1,Brasil,200108,agosto 2001,2265,IPCA - Variação acumulada em 12 meses
1,Brasil,2,%,6.46,1,Brasil,200109,setembro 2001,2265,IPCA - Variação acumulada em 12 meses
1,Brasil,2,%,7.19,1,Brasil,200110,outubro 2001,2265,IPCA - Variação acumulada em 12 meses
1,Brasil,2,%,7.61,1,Brasil,200111,novembro 2001,2265,IPCA - Variação acumulada em 12 meses
1,Brasil,2,%,7.67,1,Brasil,200112,dezembro 2001,2265,IPCA - Variação acumulada em 12 meses
1,Brasil,2,%,7.62,1,Brasil,200201,janeiro 2002,2265,IPCA - Variação acumulada em 12 meses
1,Brasil,2,%,7.51,1,Brasil,200202,fevereiro 2002,2265,IPCA - Variação acumulada em 12 meses
1,Brasil,2,%,7.75,1,Brasil,200203,março 2002,2265,IPCA - Variação acumulada em 12 meses
1,Brasil,2,%,7.98,1,Brasil,200204,abril 2002,2265,IPCA - Variação acumulada em 12 meses
1,Brasil,2,%,7.77,1,Brasil,200205,maio 2002,2265,IPCA - Variação acumulada em 12 meses
1,Brasil,2,%,7.66,1,Brasil,200206,junho 2002,2265,IPCA - Variação acumulada em 12 meses
1,Brasil,2,%,7.51,1,Brasil,200207,julho 2002,2265,IPCA - Variação acumulada em 12 meses
1,Brasil,2,%,7.46,1,Brasil,200208,agosto 2002,2265,IPCA - Variação acumulada em 12 meses
1,Brasil,2,%,7.93,1,Brasil,200209,setembro 2002,2265,IPCA - Variação acumulada em 12 meses
1,Brasil,2,%,8.45,1,Brasil,200210,outubro 2002,2265,IPCA - Variação acumulada em 12 meses
1,Brasil,2,%,10.93,1,Brasil,200211,novembro 2002,2265,IPCA - Variação acumulada em 12 meses
1,Brasil,2,%,12.53,1,Brasil,200212,dezembro 2002,2265,IPCA - Variação acumulada em 12 meses
1,Brasil,2,%,14.47,1,Brasil,200301,janeiro 2003,2265,IPCA - Variação acumulada em 12 meses
1,Brasil,2,%,15.85,1,Brasil,200302,fevereiro 2003,2265,IPCA - Variação acumulada em 12 meses
1,Brasil,2,%,16.57,1,Brasil,200303,março 2003,2265,IPCA - Variação acumulada em 12 meses
1,Brasil,2,%,16.77,1,Brasil,200304,abril 2003,2265,IPCA - Variação acumulada em 12 meses
1,Brasil,2,%,17.24,1,Brasil,200305,maio 2003,2265,IPCA - Variação acumulada em 12 meses
1,Brasil,2,%,16.57,1,Brasil,200306,junho 2003,2265,IPCA - Variação acumulada em 12 meses
1,Brasil,2,%,15.43,1,Brasil,200307,julho 2003,2265,IPCA - Variação acumulada em 12 meses
1,Brasil,2,%,15.07,1,Brasil,200308,agosto 2003,2265,IPCA - Variação acumulada em 12 meses
1,Brasil,2,%,15.14,1,Brasil,200309,setembro 2003,2265,IPCA - Variação acumulada em 12 meses
1,Brasil,2,%,13.98,1,Brasil,200310,outubro 2003,2265,IPCA - Variação acumulada em 12 meses
1,Brasil,2,%,11.02,1,Brasil,200311,novembro 2003,2265,IPCA - Variação acumulada em 12 meses
1,Brasil,2,%,9.30,1,Brasil,200312,dezembro 2003,2265,IPCA - Variação acumulada em 12 meses
1,Brasil,2,%,7.71,1,Brasil,200401,janeiro 2004,2265,IPCA - Variação acumulada em 12 meses
1,Brasil,2,%,6.69,1,Brasil,200402,fevereiro 2004,2265,IPCA - Variação acumulada em 12 meses
1,Brasil,2,%,5.89,1,Brasil,200403,março 2004,2265,IPCA - Variação acumulada em 12 meses
1,Brasil,2,%,5.26,1,Brasil,200404,abril 2004,2265,IPCA - Variação acumulada em 12 meses
1,Brasil,2,%,5.15,1,Brasil,200405,maio 2004,2265,IPCA - Variação acumulada em 12 meses
1,Brasil,2,%,6.06,1,Brasil,200406,junho 2004,2265,IPCA - Variação acumulada em 12 meses
1,Brasil,2,%,6.81,1,Brasil,200407,julho 2004,2265,IPCA - Variação acumulada em 12 meses
1,Brasil,2,%,7.18,1,Brasil,200408,agosto 2004,2265,IPCA - Variação acumulada em 12 meses
1,Brasil,2,%,6.70,1,Brasil,200409,setembro 2004,2265,IPCA - Variação acumulada em 12 meses
1,Brasil,2,%,6.86,1,Brasil,200410,outubro 2004,2265,IPCA - Variação acumulada em 12 meses
1,Brasil,2,%,7.24,1,Brasil,200411,novembro 2004,2265,IPCA - Variação acumulada em 12 meses
1,Brasil,2,%,7.60,1,Brasil,200412,dezembro 2004,2265,IPCA - Variação acumulada em 12 meses
1,Brasil,2,%,7.41,1,Brasil,200501,janeiro 2005,2265,IPCA - Variação acumulada em 12 meses
1,Brasil,2,%,7.39,1,Brasil,200502,fevereiro 2005,2265,IPCA - Variação acumulada em 12 meses
1,Brasil,2,%,7.54,1,Brasil,200503,março 2005,2265,IPCA - Variação acumulada em 12 meses
1,Brasil,2,%,8.07,1,Brasil,200504,abril 2005,2265,IPCA - Variação acumulada em 12 meses
1,Brasil,2,%,8.05,1,Brasil,200505,maio 2005,2265,IPCA - Variação acumulada em 12 meses
1,Brasil,2,%,7.27,1,Brasil,200506,junho 2005,2265,IPCA - Variação acumulada em 12 meses
1,Brasil,2,%,6.57,1,Brasil,200507,julho 2005,2265,IPCA - Variação acumulada em 12 meses
1,Brasil,2,%,6.02,1,Brasil,200508,agosto 2005,2265,IPCA - Variação acumulada em 12 meses
1,Brasil,2,%,6.04,1,Brasil,200509,setembro 2005,2265,IPCA - Variação acumulada em 12 meses
1,Brasil,2,%,6.36,1,Brasil,200510,outubro 2005,2265,IPCA - Variação acumulada em 12 meses
1,Brasil,2,%,6.22,1,Brasil,200511,novembro 2005,2265,IPCA - Variação acumulada em 12 meses
1,Brasil,2,%,5.69,1,Brasil,200512,dezembro 2005,2265,IPCA - Variação acumulada em 12 meses
1,Brasil,2,%,5.70,1,Brasil,200601,janeiro 2006,2265,IPCA - Variação acumulada em 12 meses
1,Brasil,2,%,5.51,1,Brasil,200602,fevereiro 2006,2265,IPCA - Variação acumulada em 12 meses
1,Brasil,2,%,5.32,1,Brasil,200603,março 2006,2265,IPCA - Variação acumulada em 12 meses
1,Brasil,2,%,4.63,1,Brasil,200604,abril 2006,2265,IPCA - Variação acumulada em 12 meses
1,Brasil,2,%,4.23,1,Brasil,200605,maio 2006,2265,IPCA - Variação acumulada em 12 meses
1,Brasil,2,%,4.03,1,Brasil,200606,junho 2006,2265,IPCA - Variação acumulada em 12 meses
1,Brasil,2,%,3.97,1,Brasil,200607,julho 2006,2265,IPCA - Variação acumulada em 12 meses
1,Brasil,2,%,3.84,1,Brasil,200608,agosto 2006,2265,IPCA - Variação acumulada em 12 meses
1,Brasil,2,%,3.70,1,Brasil,200609,setembro 2006,2265,IPCA - Variação acumulada em 12 meses
1,Brasil,2,%,3.26,1,Brasil,200610,outubro 2006,2265,IPCA - Variação acumulada em 12 meses
1,Brasil,2,%,3.02,1,Brasil,200611,novembro 2006,2265,IPCA - Variação acumulada em 12 meses
1,Brasil,2,%,3.14,1,Brasil,200612,dezembro 2006,2265,IPCA - Variação acumulada em 12 meses
1,Brasil,2,%,2.99,1,Brasil,200701,janeiro 2007,2265,IPCA - Variação acumulada em 12 meses
1,Brasil,2,%,3.02,1,Brasil,200702,fevereiro 2007,2265,IPCA - Variação acumulada em 12 meses
1,Brasil,2,%,2.96,1,Brasil,200703,março 2007,2265,IPCA - Variação acumulada em 12 meses
1,Brasil,2,%,3.00,1,Brasil,200704,abril 2007,2265,IPCA - Variação acumulada em 12 meses
1,Brasil,2,%,3.18,1,Brasil,200705,maio 2007,2265,IPCA - Variação acumulada em 12 meses
1,Brasil,2,%,3.69,1,Brasil,200706,junho 2007,2265,IPCA - Variação acumulada em 12 meses
1,Brasil,2,%,3.74,1,Brasil,200707,julho 2007,2265,IPCA - Variação acumulada em 12 meses
1,Brasil,2,%,4.18,1,Brasil,200708,agosto 2007,2265,IPCA - Variação acumulada em 12 meses
1,Brasil,2,%,4.15,1,Brasil,200709,setembro 2007,2265,IPCA - Variação acumulada em 12 meses
1,Brasil,2,%,4.12,1,Brasil,200710,outubro 2007,2265,IPCA - Variação acumulada em 12 meses
1,Brasil,2,%,4.19,1,Brasil,200711,novembro 2007,2265,IPCA - Variação acumulada em 12 meses
1,Brasil,2,%,4.46,1,Brasil,200712,dezembro 2007,2265,IPCA - Variação acumulada em 12 meses
1,Brasil,2,%,4.56,1,Brasil,200801,janeiro 2008,2265,IPCA - Variação acumulada em 12 meses
1,Brasil,2,%,4.61,1,Brasil,200802,fevereiro 2008,2265,IPCA - Variação acumulada em 12 meses
1,Brasil,2,%,4.73,1,Brasil,200803,março 2008,2265,IPCA - Variação acumulada em 12 meses
1,Brasil,2,%,5.04,1,Brasil,200804,abril 2008,2265,IPCA - Variação acumulada em 12 meses
1,Brasil,2,%,5.58,1,Brasil,200805,maio 2008,2265,IPCA - Variação acumulada em 12 meses
1,Brasil,2,%,6.06,1,Brasil,200806,junho 2008,2265,IPCA - Variação acumulada em 12 meses
1,Brasil,2,%,6.37,1,Brasil,200807,julho 2008,2265,IPCA - Variação acumulada em 12 meses
1,Brasil,2,%,6.17,1,Brasil,200808,agosto 2008,2265,IPCA - Variação acumulada em 12 meses
1,Brasil,2,%,6.25,1,Brasil,200809,setembro 2008,2265,IPCA - Variação acumulada em 12 meses
1,Brasil,2,%,6.41,1,Brasil,200810,outubro 2008,2265,IPCA - Variação acumulada em 12 meses
1,Brasil,2,%,6.39,1,Brasil,200811,novembro 2008,2265,IPCA - Variação acumulada em 12 meses
1,Brasil,2,%,5.90,1,Brasil,200812,dezembro 2008,2265,IPCA - Variação acumulada em 12 meses
1,Brasil,2,%,5.84,1,Brasil,200901,janeiro 2009,2265,IPCA - Variação acumulada em 12 meses
1,Brasil,2,%,5.90,1,Brasil,200902,fevereiro 2009,2265,IPCA - Variação acumulada em 12 meses
1,Brasil,2,%,5.61,1,Brasil,200903,março 2009,2265,IPCA - Variação acumulada em 12 meses
1,Brasil,2,%,5.53,1,Brasil,200904,abril 2009,2265,IPCA - Variação acumulada em 12 meses
1,Brasil,2,%,5.20,1,Brasil,200905,maio 2009,2265,IPCA - Variação acumulada em 12 meses
1,Brasil,2,%,4.80,1,Brasil,200906,junho 2009,2265,IPCA - Variação acumulada em 12 meses
1,Brasil,2,%,4.50,1,Brasil,200907,julho 2009,2265,IPCA - Variação acumulada em 12 meses
1,Brasil,2,%,4.36,1,Brasil,200908,agosto 2009,2265,IPCA - Variação acumulada em 12 meses
1,Brasil,2,%,4.34,1,Brasil,200909,setembro 2009,2265,IPCA - Variação acumulada em 12 meses
1,Brasil,2,%,4.17,1,Brasil,200910,outubro 2009,2265,IPCA - Variação acumulada em 12 meses
1,Brasil,2,%,4.22,1,Brasil,200911,novembro 2009,2265,IPCA - Variação acumulada em 12 meses
1,Brasil,2,%,4.31,1,Brasil,200912,dezembro 2009,2265,IPCA - Variação acumulada em 12 meses
1,Brasil,2,%,4.59,1,Brasil,201001,janeiro 2010,2265,IPCA - Variação acumulada em 12 meses
1,Brasil,2,%,4.83,1,Brasil,201002,fevereiro 2010,2265,IPCA - Variação acumulada em 12 meses
1,Brasil,2,%,5.17,1,Brasil,201003,março 2010,2265,IPCA - Variação acumulada em 12 meses
1,Brasil,2,%,5.26,1,Brasil,201004,abril 2010,2265,IPCA - Variação acumulada em 12 meses
1,Brasil,2,%,5.22,1,Brasil,201005,maio 2010,2265,IPCA - Variação acumulada em 12 meses
1,Brasil,2,%,4.84,1,Brasil,201006,junho 2010,2265,IPCA - Variação acumulada em 12 meses
1,Brasil,2,%,4.60,1,Brasil,201007,julho 2010,2265,IPCA - Variação acumulada em 12 meses
1,Brasil,2,%,4.49,1,Brasil,201008,agosto 2010,2265,IPCA - Variação acumulada em 12 meses
1,Brasil,2,%,4.70,1,Brasil,201009,setembro 2010,2265,IPCA - Variação acumulada em 12 meses
1,Brasil,2,%,5.20,1,Brasil,201010,outubro 2010,2265,IPCA - Variação acumulada em 12 meses
1,Brasil,2,%,5.63,1,Brasil,201011,novembro 2010,2265,IPCA - Variação acumulada em 12 meses
1,Brasil,2,%,5.91,1,Brasil,201012,dezembro 2010,2265,IPCA - Variação acumulada em 12 meses
1,Brasil,2,%,5.99,1,Brasil,201101,janeiro 2011,2265,IPCA - Variação acumulada em 12 meses
1,Brasil,2,%,6.01,1,Brasil,201102,fevereiro 2011,2265,IPCA - Variação acumulada em 12 meses
1,Brasil,2,%,6.30,1,Brasil,201103,março 2011,2265,IPCA - Variação acumulada em 12 meses
1,Brasil,2,%,6.51,1,Brasil,201104,abril 2011,2265,IPCA - Variação acumulada em 12 meses
1,Brasil,2,%,6.55,1,Brasil,201105,maio 2011,2265,IPCA - Variação acumulada em 12 meses
1,Brasil,2,%,6.71,1,Brasil,201106,junho 2011,2265,IPCA - Variação acumulada em 12 meses
1,Brasil,2,%,6.87,1,Brasil,201107,julho 2011,2265,IPCA - Variação acumulada em 12 meses
1,Brasil,2,%,7.23,1,Brasil,201108,agosto 2011,2265,IPCA - Variação acumulada em 12 meses
1,Brasil,2,%,7.31,1,Brasil,201109,setembro 2011,2265,IPCA - Variação acumulada em 12 meses
1,Brasil,2,%,6.97,1,Brasil,201110,outubro 2011,2265,IPCA - Variação acumulada em 12 meses
1,Brasil,2,%,6.64,1,Brasil,201111,novembro 2011,2265,IPCA - Variação acumulada em 12 meses
1,Brasil,2,%,6.50,1,Brasil,201112,dezembro 2011,2265,IPCA - Variação acumulada em 12 meses
1,Brasil,2,%,6.22,1,Brasil,201201,janeiro 2012,2265,IPCA - Variação acumulada em 12 meses
1,Brasil,2,%,5.84,1,Brasil,201202,fevereiro 2012,2265,IPCA - Variação acumulada em 12 meses
1,Brasil,2,%,5.24,1,Brasil,201203,março 2012,2265,IPCA - Variação acumulada em 12 meses
1,Brasil,2,%,5.10,1,Brasil,201204,abril 2012,2265,IPCA - Variação acumulada em 12 meses
1,Brasil,2,%,4.99,1,Brasil,201205,maio 2012,2265,IPCA - Variação acumulada em 12 meses
1,Brasil,2,%,4.92,1,Brasil,201206,junho 2012,2265,IPCA - Variação acumulada em 12 meses
1,Brasil,2,%,5.20,1,Brasil,201207,julho 2012,2265,IPCA - Variação acumulada em 12 meses
1,Brasil,2,%,5.24,1,Brasil,201208,agosto 2012,2265,IPCA - Variação acumulada em 12 meses
1,Brasil,2,%,5.28,1,Brasil,201209,setembro 2012,2265,IPCA - Variação acumulada em 12 meses
1,Brasil,2,%,5.45,1,Brasil,201210,outubro 2012,2265,IPCA - Variação acumulada em 12 meses
1,Brasil,2,%,5.53,1,Brasil,201211,novembro 2012,2265,IPCA - Variação acumulada em 12 meses
1,Brasil,2,%,5.84,1,Brasil,201212,dezembro 2012,2265,IPCA - Variação acumulada em 12 meses
1,Brasil,2,%,6.15,1,Brasil,201301,janeiro 2013,2265,IPCA - Variação acumulada em 12 meses
1,Brasil,2,%,6.31,1,Brasil,201302,fevereiro 2013,2265,IPCA - Variação acumulada em 12 meses
1,Brasil,2,%,6.59,1,Brasil,201303,março 2013,2265,IPCA - Variação acumulada em 12 meses
1,Brasil,2,%,6.49,1,Brasil,201304,abril 2013,2265,IPCA - Variação acumulada em 12 meses
1,Brasil,2,%,6.50,1,Brasil,201305,maio 2013,2265,IPCA - Variação acumulada em 12 meses
1,Brasil,2,%,6.70,1,Brasil,201306,junho 2013,2265,IPCA - Variação acumulada em 12 meses
1,Brasil,2,%,6.27,1,Brasil,201307,julho 2013,2265,IPCA - Variação acumulada em 12 meses
1,Brasil,2,%,6.09,1,Brasil,201308,agosto 2013,2265,IPCA - Variação acumulada em 12 meses
1,Brasil,2,%,5.86,1,Brasil,201309,setembro 2013,2265,IPCA - Variação acumulada em 12 meses
1,Brasil,2,%,5.84,1,Brasil,201310,outubro 2013,2265,IPCA - Variação acumulada em 12 meses
1,Brasil,2,%,5.77,1,Brasil,201311,novembro 2013,2265,IPCA - Variação acumulada em 12 meses
1,Brasil,2,%,5.91,1,Brasil,201312,dezembro 2013,2265,IPCA - Variação acumulada em 12 meses
1,Brasil,2,%,5.59,1,Brasil,201401,janeiro 2014,2265,IPCA - Variação acumulada em 12 meses
1,Brasil,2,%,5.68,1,Brasil,201402,fevereiro 2014,2265,IPCA - Variação acumulada em 12 meses
1,Brasil,2,%,6.15,1,Brasil,201403,março 2014,2265,IPCA - Variação acumulada em 12 meses
1,Brasil,2,%,6.28,1,Brasil,201404,abril 2014,2265,IPCA - Variação acumulada em 12 meses
1,Brasil,2,%,6.37,1,Brasil,201405,maio 2014,2265,IPCA - Variação acumulada em 12 meses
1,Brasil,2,%,6.52,1,Brasil,201406,junho 2014,2265,IPCA - Variação acumulada em 12 meses
1,Brasil,2,%,6.50,1,Brasil,201407,julho 2014,2265,IPCA - Variação acumulada em 12 meses
1,Brasil,2,%,6.51,1,Brasil,201408,agosto 2014,2265,IPCA - Variação acumulada em 12 meses
1,Brasil,2,%,6.75,1,Brasil,201409,setembro 2014,2265,IPCA - Variação acumulada em 12 meses
1,Brasil,2,%,6.59,1,Brasil,201410,outubro 2014,2265,IPCA - Variação acumulada em 12 meses
1,Brasil,2,%,6.56,1,Brasil,201411,novembro 2014,2265,IPCA - Variação acumulada em 12 meses
1,Brasil,2,%,6.41,1,Brasil,201412,dezembro 2014,2265,IPCA - Variação acumulada em 12 meses
1,Brasil,2,%,7.14,1,Brasil,201501,janeiro 2015,2265,IPCA - Variação acumulada em 12 meses
1,Brasil,2,%,7.70,1,Brasil,201502,fevereiro 2015,2265,IPCA - Variação acumulada em 12 meses
1,Brasil,2,%,8.13,1,Brasil,201503,março 2015,2265,IPCA - Variação acumulada em 12 meses
1,Brasil,2,%,8.17,1,Brasil,201504,abril 2015,2265,IPCA - Variação acumulada em 12 meses
1,Brasil,2,%,8.47,1,Brasil,201505,maio 2015,2265,IPCA - Variação acumulada em 12 meses
1,Brasil,2,%,8.89,1,Brasil,201506,junho 2015,2265,IPCA - Variação acumulada em 12 meses
1,Brasil,2,%,9.56,1,Brasil,201507,julho 2015,2265,IPCA - Variação acumulada em 12 meses
1,Brasil,2,%,9.53,1,Brasil,201508,agosto 2015,2265,IPCA - Variação acumulada em 12 meses
1,Brasil,2,%,9.49,1,Brasil,201509,setembro 2015,2265,IPCA - Variação acumulada em 12 meses
1,Brasil,2,%,9.93,1,Brasil,201510,outubro 2015,2265,IPCA - Variação acumulada em 12 meses
1,Brasil,2,%,10.48,1,Brasil,201511,novembro 2015,2265,IPCA - Variação acumulada em 12 meses
1,Brasil,2,%,10.67,1,Brasil,201512,dezembro 2015,2265,IPCA - Variação acumulada em 12 meses
1,Brasil,2,%,10.71,1,Brasil,201601,janeiro 2016,2265,IPCA - Variação acumulada em 12 meses
1,Brasil,2,%,10.36,1,Brasil,201602,fevereiro 2016,2265,IPCA - Variação acumulada em 12 meses
1,Brasil,2,%,9.39,1,Brasil,201603,março 2016,2265,IPCA - Variação acumulada em 12 meses
1,Brasil,2,%,9.28,1,Brasil,201604,abril 2016,2265,IPCA - Variação acumulada em 12 meses
1,Brasil,2,%,9.32,1,Brasil,201605,maio 2016,2265,IPCA - Variação acumulada em 12 meses
1,Brasil,2,%,8.84,1,Brasil,201606,junho 2016,2265,IPCA - Variação acumulada em 12 meses
1,Brasil,2,%,8.74,1,Brasil,201607,julho 2016,2265,IPCA - Variação acumulada em 12 meses
1,Brasil,2,%,8.97,1,Brasil,201608,agosto 2016,2265,IPCA - Variação acumulada em 12 meses
1,Brasil,2,%,8.48,1,Brasil,201609,setembro 2016,2265,IPCA - Variação acumulada em 12 meses
1,Brasil,2,%,7.87,1,Brasil,201610,outubro 2016,2265,IPCA - Variação acumulada em 12 meses
1,Brasil,2,%,6.99,1,Brasil,201611,novembro 2016,2265,IPCA - Variação acumulada em 12 meses
1,Brasil,2,%,6.29,1,Brasil,201612,dezembro 2016,2265,IPCA - Variação acumulada em 12 meses
1,Brasil,2,%,5.35,1,Brasil,201701,janeiro 2017,2265,IPCA - Variação acumulada em 12 meses
1,Brasil,2,%,4.76,1,Brasil,201702,fevereiro 2017,2265,IPCA - Variação acumulada em 12 meses
1,Brasil,2,%,4.57,1,Brasil,201703,março 2017,2265,IPCA - Variação acumulada em 12 meses
1,Brasil,2,%,4.08,1,Brasil,201704,abril 2017,2265,IPCA - Variação acumulada em 12 meses
1,Brasil,2,%,3.60,1,Brasil,201705,maio 2017,2265,IPCA - Variação acumulada em 12 meses
1,Brasil,2,%,3.00,1,Brasil,201706,junho 2017,2265,IPCA - Variação acumulada em 12 meses
1,Brasil,2,%,2.71,1,Brasil,201707,julho 2017,2265,IPCA - Variação acumulada em 12 meses
1,Brasil,2,%,2.46,1,Brasil,201708,agosto 2017,2265,IPCA - Variação acumulada em 12 meses
1,Brasil,2,%,2.54,1,Brasil,201709,setembro 2017,2265,IPCA - Variação acumulada em 12 meses
1,Brasil,2,%,2.70,1,Brasil,201710,outubro 2017,2265,IPCA - Variação acumulada em 12 meses
1,Brasil,2,%,2.80,1,Brasil,201711,novembro 2017,2265,IPCA - Variação acumulada em 12 meses
1,Brasil,2,%,2.95,1,Brasil,201712,dezembro 2017,2265,IPCA - Variação acumulada em 12 meses
1,Brasil,2,%,2.86,1,Brasil,201801,janeiro 2018,2265,IPCA - Variação acumulada em 12 meses
1,Brasil,2,%,2.84,1,Brasil,201802,fevereiro 2018,2265,IPCA - Variação acumulada em 12 meses
1,Brasil,2,%,2.68,1,Brasil,201803,março 2018,2265,IPCA - Variação acumulada em 12 meses
1,Brasil,2,%,2.76,1,Brasil,201804,abril 2018,2265,IPCA - Variação acumulada em 12 meses
1,Brasil,2,%,2.86,1,Brasil,201805,maio 2018,2265,IPCA - Variação acumulada em 12 meses
1,Brasil,2,%,4.39,1,Brasil,201806,junho 2018,2265,IPCA - Variação acumulada em 12 meses
1,Brasil,2,%,4.48,1,Brasil,201807,julho 2018,2265,IPCA - Variação acumulada em 12 meses
1,Brasil,2,%,4.19,1,Brasil,201808,agosto 2018,2265,IPCA - Variação acumulada em 12 meses
1,Brasil,2,%,4.53,1,Brasil,201809,setembro 2018,2265,IPCA - Variação acumulada em 12 meses
1,Brasil,2,%,4.56,1,Brasil,201810,outubro 2018,2265,IPCA - Variação acumulada em 12 meses
1,Brasil,2,%,4.05,1,Brasil,201811,novembro 2018,2265,IPCA - Variação acumulada em 12 meses
1,Brasil,2,%,3.75,1,Brasil,201812,dezembro 2018,2265,IPCA - Variação acumulada em 12 meses
1,Brasil,2,%,3.78,1,Brasil,201901,janeiro 2019,2265,IPCA - Variação acumulada em 12 meses
1,Brasil,2,%,3.89,1,Brasil,201902,fevereiro 2019,2265,IPCA - Variação acumulada em 12 meses
1,Brasil,2,%,4.58,1,Brasil,201903,março 2019,2265,IPCA - Variação acumulada em 12 meses
1,Brasil,2,%,4.94,1,Brasil,201904,abril 2019,2265,IPCA - Variação acumulada em 12 meses
1,Brasil,2,%,4.66,1,Brasil,201905,maio 2019,2265,IPCA - Variação acumulada em 12 meses
1,Brasil,2,%,3.37,1,Brasil,201906,junho 2019,2265,IPCA - Variação acumulada em 12 meses
1,Brasil,2,%,3.22,1,Brasil,201907,julho 2019,2265,IPCA - Variação acumulada em 12 meses
1,Brasil,2,%,3.43,1,Brasil,201908,agosto 2019,2265,IPCA - Variação acumulada em 12 meses
1,Brasil,2,%,2.89,1,Brasil,201909,setembro 2019,2265,IPCA - Variação acumulada em 12 meses
1,Brasil,2,%,2.54,1,Brasil,201910,outubro 2019,2265,IPCA - Variação acumulada em 12 meses
1,Brasil,2,%,3.27,1,Brasil,201911,novembro 2019,2265,IPCA - Variação acumulada em 12 meses
1,Brasil,2,%,4.31,1,Brasil,201912,dezembro 2019,2265,IPCA - Variação acumulada em 12 meses
1,Brasil,2,%,4.19,1,Brasil,202001,janeiro 2020,2265,IPCA - Variação acumulada em 12 meses
1,Brasil,2,%,4.01,1,Brasil,202002,fevereiro 2020,2265,IPCA - Variação acumulada em 12 meses
1,Brasil,2,%,3.30,1,Brasil,202003,março 2020,2265,IPCA - Variação acumulada em 12 meses
1,Brasil,2,%,2.40,1,Brasil,202004,abril 2020,2265,IPCA - Variação acumulada em 12 meses
1,Brasil,2,%,1.88,1,Brasil,202005,maio 2020,2265,IPCA - Variação acumulada em 12 meses
1,Brasil,2,%,2.13,1,Brasil,202006,junho 2020,2265,IPCA - Variação acumulada em 12 meses
1,Brasil,2,%,2.31,1,Brasil,202007,julho 2020,2265,IPCA - Variação acumulada em 12 meses
1,Brasil,2,%,2.44,1,Brasil,202008,agosto 2020,2265,IPCA - Variação acumulada em 12 meses
1,Brasil,2,%,3.14,1,Brasil,202009,setembro 2020,2265,IPCA - Variação acumulada em 12 meses
1,Brasil,2,%,3.92,1,Brasil,202010,outubro 2020,2265,IPCA - Variação acumulada em 12 meses
1,Brasil,2,%,4.31,1,Brasil,202011,novembro 2020,2265,IPCA - Variação acumulada em 12 meses
1,Brasil,2,%,4.52,1,Brasil,202012,dezembro 2020,2265,IPCA - Variação acumulada em 12 meses
1,Brasil,2,%,4.56,1,Brasil,202101,janeiro 2021,2265,IPCA - Variação acumulada em 12 meses
1,Brasil,2,%,5.20,1,Brasil,202102,fevereiro 2021,2265,IPCA - Variação acumulada em 12 meses
1,Brasil,2,%,6.10,1,Brasil,202103,março 2021,2265,IPCA - Variação acumulada em 12 meses
1,Brasil,2,%,6.76,1,Brasil,202104,abril 2021,2265,IPCA - Variação acumulada em 12 meses
1,Brasil,2,%,8.06,1,Brasil,202105,maio 2021,2265,IPCA - Variação acumulada em 12 meses
1,Brasil,2,%,8.35,1,Brasil,202106,junho 2021,2265,IPCA - Variação acumulada em 12 meses
1,Brasil,2,%,8.99,1,Brasil,202107,julho 2021,2265,IPCA - Variação acumulada em 12 meses
1,Brasil,2,%,9.68,1,Brasil,202108,agosto 2021,2265,IPCA - Variação acumulada em 12 meses
1,Brasil,2,%,10.25,1,Brasil,202109,setembro 2021,2265,IPCA - Variação acumulada em 12 meses
1,Brasil,2,%,10.67,1,Brasil,202110,outubro 2021,2265,IPCA - Variação acumulada em 12 meses
1,Brasil,2,%,10.74,1,Brasil,202111,novembro 2021,2265,IPCA - Variação acumulada em 12 meses
1,Brasil,2,%,10.06,1,Brasil,202112,dezembro 2021,2265,IPCA - Variação acumulada em 12 meses
1,Brasil,2,%,10.38,1,Brasil,202201,janeiro 2022,2265,IPCA - Variação acumulada em 12 meses
1,Brasil,2,%,10.54,1,Brasil,202202,fevereiro 2022,2265,IPCA - Variação acumulada em 12 meses
1,Brasil,2,%,11.30,1,Brasil,202203,março 2022,2265,IPCA - Variação acumulada em 12 meses
1,Brasil,2,%,12.13,1,Brasil,202204,abril 2022,2265,IPCA - Variação acumulada em 12 meses
1,Brasil,2,%,11.73,1,Brasil,202205,maio 2022,2265,IPCA - Variação acumulada em 12 meses
1,Brasil,2,%,11.89,1,Brasil,202206,junho 2022,2265,IPCA - Variação acumulada em 12 meses
1,Brasil,2,%,10.07,1,Brasil,202207,julho 2022,2265,IPCA - Variação acumulada em 12 meses
1,Brasil,2,%,8.73,1,Brasil,202208,agosto 2022,2265,IPCA - Variação acumulada em 12 meses
1,Brasil,2,%,7.17,1,Brasil,202209,setembro 2022,2265,IPCA - Variação acumulada em 12 meses
1,Brasil,2,%,6.47,1,Brasil,202210,outubro 2022,2265,IPCA - Variação acumulada em 12 meses
1,Brasil,2,%,5.90,1,Brasil,202211,novembro 2022,2265,IPCA - Variação acumulada em 12 meses
1,Brasil,2,%,5.79,1,Brasil,202212,dezembro 2022,2265,IPCA - Variação acumulada em 12 meses
1,Brasil,2,%,5.77,1,Brasil,202301,janeiro 2023,2265,IPCA - Variação acumulada em 12 meses
1,Brasil,2,%,5.60,1,Brasil,202302,fevereiro 2023,2265,IPCA - Variação acumulada em 12 meses
1,Brasil,2,%,4.65,1,Brasil,202303,março 2023,2265,IPCA - Variação acumulada em 12 meses
1,Brasil,2,%,4.18,1,Brasil,202304,abril 2023,2265,IPCA - Variação acumulada em 12 meses
1,Brasil,2,%,3.94,1,Brasil,202305,maio 2023,2265,IPCA - Variação acumulada em 12 meses
1,Brasil,2,%,3.16,1,Brasil,202306,junho 2023,2265,IPCA - Variação acumulada em 12 meses
1,Brasil,2,%,3.99,1,Brasil,202307,julho 2023,2265,IPCA - Variação acumulada em 12 meses
1,Brasil,2,%,4.61,1,Brasil,202308,agosto 2023,2265,IPCA - Variação acumulada em 12 meses
1,Brasil,2,%,5.19,1,Brasil,202309,setembro 2023,2265,IPCA - Variação acumulada em 12 meses
1,Brasil,2,%,4.82,1,Brasil,202310,outubro 2023,2265,IPCA - Variação acumulada em 12 meses
1,Brasil,2,%,4.68,1,Brasil,202311,novembro 2023,2265,IPCA - Variação acumulada em 12 meses
1,Brasil,2,%,4.62,1,Brasil,202312,dezembro 2023,2265,IPCA - Variação acumulada em 12 meses
1,Brasil,2,%,4.51,1,Brasil,202401,janeiro 2024,2265,IPCA - Variação acumulada em 12 meses
1,Brasil,2,%,4.50,1,Brasil,202402,fevereiro 2024,2265,IPCA - Variação acumulada em 12 meses
1,Brasil,2,%,3.93,1,Brasil,202403,março 2024,2265,IPCA - Variação acumulada em 12 meses
1,Brasil,2,%,3.69,1,Brasil,202404,abril 2024,2265,IPCA - Variação acumulada em 12 meses
1,Brasil,2,%,3.93,1,Brasil,202405,maio 2024,2265,IPCA - Variação acumulada em 12 meses
1,Brasil,2,%,4.23,1,Brasil,202406,junho 2024,2265,IPCA - Variação acumulada em 12 meses
1,Brasil,2,%,4.50,1,Brasil,202407,julho 2024,2265,IPCA - Variação acumulada em 12 meses
1,Brasil,2,%,4.24,1,Brasil,202408,agosto 2024,2265,IPCA - Variação acumulada em 12 meses
1,Brasil,2,%,4.42,1,Brasil,202409,setembro 2024,2265,IPCA - Variação acumulada em 12 meses
1,Brasil,2,%,4.76,1,Brasil,202410,outubro 2024,2265,IPCA - Variação acumulada em 12 meses
1,Brasil,2,%,4.87,1,Brasil,202411,novembro 2024,2265,IPCA - Variação acumulada em 12 meses
1,Brasil,2,%,4.83,1,Brasil,202412,dezembro 2024,2265,IPCA - Variação acumulada em 12 meses
1,Brasil,2,%,4.56,1,Brasil,202501,janeiro 2025,2265,IPCA - Variação acumulada em 12 meses
1,Brasil,2,%,5.06,1,Brasil,202502,fevereiro 2025,2265,IPCA - Variação acumulada em 12 meses
1,Brasil,2,%,5.48,1,Brasil,202503,março 2025,2265,IPCA - Variação acumulada em 12 meses
1,Brasil,2,%,5.53,1,Brasil,202504,abril 2025,2265,IPCA - Variação acumulada em 12 meses
1,Brasil,2,%,5.32,1,Brasil,202505,maio 2025,2265,IPCA - Variação acumulada em 12 meses
1,Brasil,2,%,5.35,1,Brasil,202506,junho 2025,2265,IPCA - Variação acumulada em 12 meses
1,Brasil,2,%,5.23,1,Brasil,202507,julho 2025,2265,IPCA - Variação acumulada em 12 meses
1,Brasil,2,%,5.13,1,Brasil,202508,agosto 2025,2265,IPCA - Variação acumulada em 12 meses
1,Brasil,2,%,5.17,1,Brasil,202509,setembro 2025,2265,IPCA - Variação acumulada em 12 meses
1,Brasil,2,%,4.68,1,Brasil,202510,outubro 2025,2265,IPCA - Variação acumulada em 12 meses
